11:00:43,,,
11:00:44,,,
11:00:46,,,
11:00:48,,,
11:00:50,,,
11:00:52,,,
11:00:54,,,
11:00:55,,,
11:00:57,,,
11:00:59,,,
11:01:01,,,
11:01:03,,,
11:01:05,,,
11:01:06,,,
11:01:08,,,
11:01:10,,,
11:01:12,,,
11:01:14,,,
11:01:16,,,
11:01:17,,,
11:01:19,,,
11:01:21,,,
11:01:23,,,
11:01:25,,,
11:01:27,,,
11:01:28,,,
11:01:30,,,
11:01:32,,,
11:01:34,,,
11:01:36,,,
11:01:38,,,
11:01:39,,,
11:01:41,,,
11:01:43,,,
11:01:45,,,
11:01:47,,,
11:01:49,,,
11:01:50,,,
11:01:52,,,
11:01:54,,,
11:01:56,,,
11:01:58,,,
11:02:00,,,
11:02:01,,,
11:02:03,,,
11:02:05,,,
11:02:07,,,
11:02:09,,,
11:02:11,,,
11:02:12,,,
11:02:14,,,
11:02:16,,,
11:02:18,,,
11:02:20,,,
11:02:22,,,
11:02:23,,,
11:02:25,,,
11:02:27,,,
11:02:29,,,
11:02:31,,,
11:02:33,,,
11:02:34,,,
11:02:36,,,
11:02:38,,,
11:02:40,,,
11:02:42,,,
11:02:44,,,
11:02:45,,,
11:02:47,,,
11:02:49,,,
11:02:51,,,
11:02:53,,,
11:02:55,,,
11:02:57,,,
11:02:58,,,
11:03:00,,,
11:03:02,,,
11:03:04,,,
11:03:06,,,
11:03:08,,,
11:03:09,,,
11:03:11,,,
11:03:13,,,
11:03:15,,,
11:03:17,,,
11:03:19,,,
11:03:20,,,
11:03:22,,,
11:03:24,,,
11:03:26,,,
11:03:28,,,
11:03:30,,,
11:03:31,,,
11:03:33,,,
11:03:35,,,
11:03:37,,,
11:03:39,,,
11:03:41,,,
11:03:42,,,
11:03:44,,,
11:03:46,,,
11:03:48,,,
11:03:50,,,
11:03:52,,,
11:03:53,,,
11:03:55,,,
11:03:57,,,
11:03:59,,,
11:04:01,,,
11:04:03,,,
11:04:04,,,
11:04:06,,,
11:04:08,,,
11:04:10,,,
11:04:12,,,
11:04:14,,,
11:04:15,,,
11:04:17,,,
11:04:19,,,
11:04:21,,,
11:04:23,,,
11:04:25,,,
11:04:27,,,
11:04:28,,,
11:04:30,,,
11:04:32,,,
11:04:34,,,
11:04:36,,,
11:04:38,,,
11:04:39,,,
11:04:41,,,
11:04:43,,,
11:04:45,,,
11:04:47,,,
11:04:49,,,
11:04:50,,,
11:04:52,,,
11:04:54,,,
11:04:56,,,
11:04:58,,,
11:05:00,,,
11:05:01,,,
11:05:03,,,
11:05:05,,,
11:05:07,,,
11:05:09,,,
11:05:11,,,
11:05:12,,,
11:05:14,,,
11:05:16,,,
11:05:18,,,
11:05:20,,,
11:05:22,,,
11:05:23,,,
11:05:25,,,
11:05:27,,,
11:05:29,,,
11:05:31,,,
11:05:33,,,
11:05:34,,,
11:05:36,,,
11:05:38,,,
11:05:40,,,
11:05:42,,,
11:05:44,,,
11:05:45,,,
11:05:47,,,
11:05:49,,,
11:05:51,,,
11:05:53,,,
11:05:55,,,
11:05:56,,,
11:05:58,,,
11:06:00,,,
11:06:02,,,
11:06:04,,,
11:06:06,,,
11:06:07,,,
11:06:09,,,
11:06:11,,,
11:06:13,,,
11:06:15,,,
11:06:17,,,
11:06:18,,,
11:06:20,,,
11:06:22,,,
11:06:24,,,
11:06:26,,,
11:06:28,,,
11:06:29,,,
11:06:31,,,
11:06:33,,,
11:06:35,,,
11:06:37,,,
11:06:39,,,
11:06:40,,,
11:06:42,,,
11:06:44,,,
11:06:46,,,
11:06:48,,,
11:06:50,,,
11:06:51,,,
11:06:53,,,
11:06:55,,,
11:06:57,,,
11:06:59,,,
11:07:01,,,
11:07:02,,,
11:07:04,,,
11:07:06,,,
11:07:08,,,
11:07:10,,,
11:07:11,,,
11:07:13,,,
11:07:15,,,
11:07:17,,,
11:07:19,,,
11:07:20,,,
11:07:22,,,
11:07:24,,,
11:07:26,,,
11:07:28,,,
11:07:30,,,
11:07:31,,,
11:07:33,,,
11:07:35,,,
11:07:37,,,
11:07:39,,,
11:07:41,,,
11:07:42,,,
11:07:44,,,
11:07:46,,,
11:07:48,,,
11:07:50,,,
11:07:52,,,
11:07:53,,,
11:07:55,,,
11:07:57,,,
11:07:59,,,
11:08:01,,,
11:08:03,,,
11:08:04,,,
11:08:06,,,
11:08:08,,,
11:08:10,,,
11:08:12,,,
11:08:14,,,
11:08:15,,,
11:08:17,,,
11:08:19,,,
11:08:21,,,
11:08:23,,,
11:08:25,,,
11:08:26,,,
11:08:28,,,
11:08:30,,,
11:08:32,,,
11:08:34,,,
11:08:36,,,
11:08:37,,,
11:08:39,,,
11:08:41,,,
11:08:43,,,
11:08:45,,,
11:08:47,,,
11:08:48,,,
11:08:50,,,
11:08:52,,,
11:08:54,,,
11:08:56,,,
11:08:58,,,
11:08:59,,,
11:09:01,,,
11:09:03,,,
11:09:05,,,
11:09:07,,,
11:09:09,,,
11:09:10,,,
11:09:12,,,
11:09:14,,,
11:09:16,,,
11:09:18,,,
11:09:20,,,
11:09:21,,,
11:09:23,,,
11:09:25,,,
11:09:27,,,
11:09:29,,,
11:09:31,,,
11:09:32,,,
11:09:34,,,
11:09:36,,,
11:09:38,,,
11:09:40,,,
11:09:42,,,
11:09:43,,,
11:09:45,,,
11:09:47,,,
11:09:49,,,
11:09:51,,,
11:09:53,,,
11:09:54,,,
11:09:56,,,
11:09:58,,,
11:10:00,,,
11:10:02,,,
11:10:04,,,
11:10:05,,,
11:10:07,,,
11:10:09,,,
11:10:11,,,
11:10:13,,,
11:10:14,,,
11:10:16,,,
11:10:18,,,
11:10:20,,,
11:10:22,,,
11:10:24,,,
11:10:25,,,
11:10:27,,,
11:10:29,,,
11:10:31,,,
11:10:33,,,
11:10:35,,,
11:10:36,,,
11:10:38,,,
11:10:40,,,
11:10:42,,,
11:10:44,,,
11:10:46,,,
11:10:47,,,
11:10:49,,,
11:10:51,,,
11:10:53,,,
11:10:55,,,
11:10:57,,,
11:10:58,,,
11:11:00,,,
11:11:02,,,
11:11:04,,,
11:11:06,,,
11:11:08,,,
11:11:09,,,
11:11:11,,,
11:11:13,,,
11:11:15,,,
11:11:17,,,
11:11:19,,,
11:11:20,,,
11:11:22,,,
11:11:24,,,
11:11:26,,,
11:11:28,,,
11:11:30,,,
11:11:31,,,
11:11:33,,,
11:11:35,,,
11:11:37,,,
11:11:39,,,
11:11:41,,,
11:11:42,,,
11:11:44,,,
11:11:46,,,
11:11:48,,,
11:11:50,,,
11:11:52,,,
11:11:54,,,
11:11:55,,,
11:11:57,,,
11:11:59,,,
11:12:01,,,
11:12:03,,,
11:12:05,,,
11:12:06,,,
11:12:08,,,
11:12:10,,,
11:12:12,,,
11:12:14,,,
11:12:16,,,
11:12:17,,,
11:12:19,,,
11:12:21,,,
11:12:23,,,
11:12:25,,,
11:12:27,,,
11:12:28,,,
11:12:30,,,
11:12:32,,,
11:12:34,,,
11:12:36,,,
11:12:38,,,
11:12:39,,,
11:12:41,,,
11:12:43,,,
11:12:45,,,
11:12:47,,,
11:12:49,,,
11:12:50,,,
11:12:52,,,
11:12:54,,,
11:12:56,,,
11:12:58,,,
11:13:00,,,
11:13:01,,,
11:13:03,,,
11:13:05,,,
11:13:07,,,
11:13:09,,,
11:13:11,,,
11:13:12,,,
11:13:14,,,
11:13:16,,,
11:13:18,,,
11:13:20,,,
11:13:22,,,
11:13:23,,,
11:13:25,,,
11:13:27,,,
11:13:29,,,
11:13:31,,,
11:13:33,,,
11:13:34,,,
11:13:36,,,
11:13:38,,,
11:13:40,,,
11:13:42,,,
11:13:44,,,
11:13:45,,,
11:13:47,,,
11:13:49,,,
11:13:51,,,
11:13:53,,,
11:13:55,,,
11:13:56,,,
11:13:58,,,
11:14:00,,,
11:14:02,,,
11:14:04,,,
11:14:06,,,
11:14:07,,,
11:14:09,,,
11:14:11,,,
11:14:13,,,
11:14:15,,,
11:14:17,,,
11:14:18,,,
11:14:20,,,
11:14:22,,,
11:14:24,,,
11:14:26,,,
11:14:28,,,
11:14:29,,,
11:14:31,,,
11:14:33,,,
11:14:35,,,
11:14:37,,,
11:14:39,,,
11:14:40,,,
11:14:42,,,
11:14:44,,,
11:14:46,,,
11:14:48,,,
11:14:50,,,
11:14:51,,,
11:14:53,,,
11:14:55,,,
11:14:57,,,
11:14:59,,,
11:15:01,,,
11:15:02,,,
11:15:04,,,
11:15:06,,,
11:15:08,,,
11:15:10,,,
11:15:12,,,
11:15:13,,,
11:15:15,,,
11:15:17,,,
11:15:19,,,
11:15:21,,,
11:15:22,,,
11:15:24,,,
11:15:26,,,
11:15:28,,,
11:15:30,,,
11:15:32,,,
11:15:34,,,
11:15:35,,,
11:15:37,,,
11:15:39,,,
11:15:41,,,
11:15:43,,,
11:15:45,,,
11:15:46,,,
11:15:48,,,
11:15:50,,,
11:15:52,,,
11:15:54,,,
11:15:56,,,
11:15:57,,,
11:15:59,,,
11:16:01,,,
11:16:03,,,
11:16:05,,,
11:16:07,,,
11:16:08,,,
11:16:10,,,
11:16:12,,,
11:16:14,,,
11:16:16,,,
11:16:18,,,
11:16:19,,,
11:16:21,,,
11:16:23,,,
11:16:25,,,
11:16:27,,,
11:16:29,,,
11:16:30,,,
11:16:32,,,
11:16:34,,,
11:16:36,,,
11:16:38,,,
11:16:40,,,
11:16:41,,,
11:16:43,,,
11:16:45,,,
11:16:47,,,
11:16:49,,,
11:16:50,,,
11:16:52,,,
11:16:54,,,
11:16:56,,,
11:16:58,,,
11:17:00,,,
11:17:01,,,
11:17:03,,,
11:17:05,,,
11:17:07,,,
11:17:09,,,
11:17:11,,,
11:17:12,,,
11:17:14,,,
11:17:16,,,
11:17:18,,,
11:17:20,,,
11:17:22,,,
11:17:23,,,
11:17:25,,,
11:17:27,,,
11:17:29,,,
11:17:31,,,
11:17:33,,,
11:17:34,,,
11:17:36,,,
11:17:38,,,
11:17:40,,,
11:17:42,,,
11:17:44,,,
11:17:45,,,
11:17:47,,,
11:17:49,,,
11:17:51,,,
11:17:53,,,
11:17:54,,,
11:17:56,,,
11:17:58,,,
11:18:00,,,
11:18:02,,,
11:18:04,,,
11:18:05,,,
11:18:07,,,
11:18:09,,,
11:18:11,,,
11:18:13,,,
11:18:15,,,
11:18:16,,,
11:18:18,,,
11:18:20,,,
11:18:22,,,
11:18:24,,,
11:18:26,,,
11:18:27,,,
11:18:29,,,
11:18:31,,,
11:18:33,,,
11:18:35,,,
11:18:37,,,
11:18:38,,,
11:18:40,,,
11:18:42,,,
11:18:44,,,
11:18:46,,,
11:18:48,,,
11:18:49,,,
11:18:51,,,
11:18:53,,,
11:18:55,,,
11:18:57,,,
11:18:59,,,
11:19:00,,,
11:19:02,,,
11:19:04,,,
11:19:06,,,
11:19:08,,,
11:19:10,,,
11:19:11,,,
11:19:13,,,
11:19:15,,,
11:19:17,,,
11:19:19,,,
11:19:21,,,
11:19:23,,,
11:19:24,,,
11:19:26,,,
11:19:28,,,
11:19:30,,,
11:19:32,,,
11:19:34,,,
11:19:35,,,
11:19:37,,,
11:19:39,,,
11:19:41,,,
11:19:43,,,
11:19:45,,,
11:19:46,,,
11:19:48,,,
11:19:50,,,
11:19:52,,,
11:19:54,,,
11:19:56,,,
11:19:57,,,
11:19:59,,,
11:20:01,,,
11:20:03,,,
11:20:05,,,
11:20:07,,,
11:20:08,,,
11:20:10,,,
11:20:12,,,
11:20:14,,,
11:20:16,,,
11:20:18,,,
11:20:19,,,
11:20:21,,,
11:20:23,,,
11:20:25,,,
11:20:27,,,
11:20:29,,,
11:20:30,,,
11:20:32,,,
11:20:34,,,
11:20:36,,,
11:20:38,,,
11:20:40,,,
11:20:41,,,
11:20:43,,,
11:20:45,,,
11:20:47,,,
11:20:49,,,
11:20:51,,,
11:20:52,,,
11:20:54,,,
11:20:56,,,
11:20:58,,,
11:21:00,,,
11:21:02,,,
11:21:03,,,
11:21:05,,,
11:21:07,,,
11:21:09,,,
11:21:11,,,
11:21:13,,,
11:21:14,,,
11:21:16,,,
11:21:18,,,
11:21:20,,,
11:21:22,,,
11:21:24,,,
11:21:25,,,
11:21:27,,,
11:21:29,,,
11:21:31,,,
11:21:33,,,
11:21:35,,,
11:21:36,,,
11:21:38,,,
11:21:40,,,
11:21:42,,,
11:21:44,,,
11:21:46,,,
11:21:47,,,
11:21:49,,,
11:21:51,,,
11:21:53,,,
11:21:55,,,
11:21:57,,,
11:21:58,,,
11:22:00,,,
11:22:02,,,
11:22:04,,,
11:22:06,,,
11:22:08,,,
11:22:09,,,
11:22:11,,,
11:22:13,,,
11:22:15,,,
11:22:17,,,
11:22:19,,,
11:22:20,,,
11:22:22,,,
11:22:24,,,
11:22:26,,,
11:22:28,,,
11:22:30,,,
11:22:31,,,
11:22:33,,,
11:22:35,,,
11:22:37,,,
11:22:39,,,
11:22:41,,,
11:22:42,,,
11:22:44,,,
11:22:46,,,
11:22:48,,,
11:22:50,,,
11:22:52,,,
11:22:53,,,
11:22:55,,,
11:22:57,,,
11:22:59,,,
11:23:01,,,
11:23:03,,,
11:23:04,,,
11:23:06,,,
11:23:08,,,
11:23:10,,,
11:23:12,,,
11:23:14,,,
11:23:15,,,
11:23:17,,,
11:23:19,,,
11:23:21,,,
11:23:23,,,
11:23:25,,,
11:23:26,,,
11:23:28,,,
11:23:30,,,
11:23:32,,,
11:23:34,,,
11:23:36,,,
11:23:37,,,
11:23:39,,,
11:23:41,,,
11:23:43,,,
11:23:45,,,
11:23:47,,,
11:23:48,,,
11:23:50,,,
11:23:52,,,
11:23:54,,,
11:23:56,,,
11:23:58,,,
11:23:59,,,
11:24:01,,,
11:24:03,,,
11:24:05,,,
11:24:07,,,
11:24:09,,,
11:24:10,,,
11:24:12,,,
11:24:14,,,
11:24:16,,,
11:24:18,,,
11:24:20,,,
11:24:21,,,
11:24:23,,,
11:24:25,,,
11:24:27,,,
11:24:29,,,
11:24:31,,,
11:24:32,,,
11:24:34,,,
11:24:36,,,
11:24:38,,,
11:24:40,,,
11:24:42,,,
11:24:43,,,
11:24:45,,,
11:24:47,,,
11:24:49,,,
11:24:51,,,
11:24:53,,,
11:24:54,,,
11:24:56,,,
11:24:58,,,
11:25:00,,,
11:25:02,,,
11:25:04,,,
11:25:05,,,
11:25:07,,,
11:25:09,,,
11:25:11,,,
11:25:13,,,
11:25:15,,,
11:25:16,,,
11:25:18,,,
11:25:20,,,
11:25:22,,,
11:25:24,,,
11:25:26,,,
11:25:27,,,
11:25:29,,,
11:25:31,,,
11:25:33,,,
11:25:35,,,
11:25:37,,,
11:25:38,,,
11:25:40,,,
11:25:42,,,
11:25:44,,,
11:25:46,,,
11:25:48,,,
11:25:49,,,
11:25:51,,,
11:25:53,,,
11:25:55,,,
11:25:57,,,
11:25:59,,,
11:26:00,,,
11:26:02,,,
11:26:04,,,
11:26:06,,,
11:26:08,,,
11:26:10,,,
11:26:11,,,
11:26:13,,,
11:26:15,,,
11:26:17,,,
11:26:19,,,
11:26:21,,,
11:26:22,,,
11:26:24,,,
11:26:26,,,
11:26:28,,,
11:26:30,,,
11:26:31,,,
11:26:33,,,
11:26:35,,,
11:26:37,,,
11:26:39,,,
11:26:41,,,
11:26:43,,,
11:26:44,,,
11:26:46,,,
11:26:48,,,
11:26:50,,,
11:26:52,,,
11:26:53,,,
11:26:55,,,
11:26:57,,,
11:26:59,,,
11:27:01,,,
11:27:03,,,
11:27:04,,,
11:27:06,,,
11:27:08,,,
11:27:10,,,
11:27:12,,,
11:27:14,,,
11:27:15,,,
11:27:17,,,
11:27:19,,,
11:27:21,,,
11:27:23,,,
11:27:25,,,
11:27:26,,,
11:27:28,,,
11:27:30,,,
11:27:32,,,
11:27:34,,,
11:27:36,,,
11:27:37,,,
11:27:39,,,
11:27:41,,,
11:27:43,,,
11:27:45,,,
11:27:47,,,
11:27:48,,,
11:27:50,,,
11:27:52,,,
11:27:54,,,
11:27:56,,,
11:27:57,,,
11:27:59,,,
11:28:01,,,
11:28:03,,,
11:28:05,,,
11:28:07,,,
11:28:08,,,
11:28:10,,,
11:28:12,,,
11:28:14,,,
11:28:16,,,
11:28:18,,,
11:28:19,,,
11:28:21,,,
11:28:23,,,
11:28:25,,,
11:28:27,,,
11:28:29,,,
11:28:30,,,
11:28:32,,,
11:28:34,,,
11:28:36,,,
11:28:38,,,
11:28:40,,,
11:28:41,,,
11:28:43,,,
11:28:45,,,
11:28:47,,,
11:28:49,,,
11:28:51,,,
11:28:52,,,
11:28:54,,,
11:28:56,,,
11:28:58,,,
11:29:00,,,
11:29:02,,,
11:29:03,,,
11:29:05,,,
11:29:07,,,
11:29:09,,,
11:29:11,,,
11:29:13,,,
11:29:14,,,
11:29:16,,,
11:29:18,,,
11:29:20,,,
11:29:22,,,
11:29:24,,,
11:29:25,,,
11:29:27,,,
11:29:29,,,
11:29:31,,,
11:29:33,,,
11:29:35,,,
11:29:36,,,
11:29:38,,,
11:29:40,,,
11:29:42,,,
11:29:44,,,
11:29:46,,,
11:29:47,,,
11:29:49,,,
11:29:51,,,
11:29:53,,,
11:29:55,,,
11:29:57,,,
11:29:58,,,
11:30:00,,,
11:30:02,,,
11:30:04,,,
11:30:06,,,
11:30:08,,,
11:30:09,,,
11:30:11,,,
11:30:13,,,
11:30:15,,,
11:30:17,,,
11:30:19,,,
11:30:20,,,
11:30:22,,,
11:30:24,,,
11:30:26,,,
11:30:28,,,
11:30:30,,,
11:30:31,,,
11:30:33,,,
11:30:35,,,
11:30:37,,,
11:30:39,,,
11:30:41,,,
11:30:42,,,
11:30:44,,,
11:30:46,,,
11:30:48,,,
11:30:50,,,
11:30:52,,,
11:30:53,,,
11:30:55,,,
11:30:57,,,
11:30:59,,,
11:31:01,,,
11:31:03,,,
11:31:04,,,
11:31:06,,,
11:31:08,,,
11:31:10,,,
11:31:12,,,
11:31:14,,,
11:31:15,,,
11:31:17,,,
11:31:19,,,
11:31:21,,,
11:31:23,,,
11:31:25,,,
11:31:26,,,
11:31:28,,,
11:31:30,,,
11:31:32,,,
11:31:34,,,
11:31:36,,,
11:31:38,,,
11:31:39,,,
11:31:41,,,
11:31:43,,,
11:31:45,,,
11:31:47,,,
11:31:49,,,
11:31:50,,,
11:31:52,,,
11:31:54,,,
11:31:56,,,
11:31:58,,,
11:32:00,,,
11:32:01,,,
11:32:03,,,
11:32:05,,,
11:32:07,,,
11:32:09,,,
11:32:11,,,
11:32:12,,,
11:32:14,,,
11:32:16,,,
11:32:18,,,
11:32:20,,,
11:32:22,,,
11:32:23,,,
11:32:25,,,
11:32:27,,,
11:32:29,,,
11:32:31,,,
11:32:33,,,
11:32:34,,,
11:32:36,,,
11:32:38,,,
11:32:40,,,
